{
    "name" : "Machine Gun",
    "thumbnail" : "usr/weapons/MachineGun-thumbnail.png",
    "arms" : {
        "url" : "usr/weapons/MachineGun-arm.png",
        "width" : 9,
        "height" : 3
    },
    "bullet" : {
        "url": "usr/weapons/MachineGun-bullet.png",
        "width" : 8,
        "height" : 2,
        "depth" : 2
    },
    "animation" : [
        {
            "duration" : 80,
            "width" : 8,
            "height" : 2,
            "depth" : 2,
            "color" : "#ffffff"
        },
        {
            "duration" : 20,
            "width" : 5,
            "height" : 2,
            "color" : "#bbeeff"
        }
    ],
    "trajectory" :[
        {
            "x": "$*7",
            "y": "0.1+random()*0.05",
            "z": "0"
        }
    ],
    "collision" :{
        "energyloss" : 0.5,
        "counter" : 1
    },
    "damage" : 6,
    "speed" : 3,
    "knockbackTime" : 10,
    "decay": 25,
    "weight" : 2,
    "piercing" : 0,
    "knockback": 10,
    "effects" : [
        0
    ]
}
