{
    "spriteFix":{
        "215" : {
            "top" : 182,
            "bottom" : 214,
            "left" : 215,
            "right" : 215,
            "front" : 215,
            "back" : 215
        },
        "225" : {
            "top" : 209,
            "bottom" : 209,
            "left" : 209,
            "right" : 209,
            "front" : 225,
            "back" : 225
        },
        "209" : {
            "top" : 225,
            "bottom" : 225,
            "left" : 209,
            "right" : 209,
            "front" : 209,
            "back" : 209
        }
    }
}
